File,Blank,Comment,Code
WorldGrid.cs,129,26,599
InventoryUI.cs,88,20,393
GlowCoreUpgradeUI.cs,70,6,318
SaveData.cs,65,6,280
SceneTransitionOverlay.cs,39,4,264
CraftingStationUI.cs,45,11,242
IconCaptureService.cs,48,0,239
ChestUI.cs,54,7,236
Outline.cs,81,44,217
Inventory.cs,44,0,212
AxeMachine.cs,37,5,207
GlowCore.cs,48,4,201
ReadmeEditor.cs,46,1,195
SettingsScreen.cs,36,9,189
PlayerInventory.cs,41,12,169
Node.cs,24,0,164
RecipeRowUI.cs,36,2,158
AudioManager.cs,37,0,157
ActionPromptSystem.cs,27,3,155
DisplaySettingsCategoryTests.cs,30,1,149
NodeActionSystem.cs,33,1,148
ItemEditor.cs,31,1,141
GameBootstrapper.cs,29,10,135
SettingsScreenTests.cs,33,5,134
ItemSlotUI.cs,25,1,123
UnsavedChangesDialogScreenTests.cs,23,0,122
ItemStackDrop.cs,29,1,119
MenuManagerTests.cs,25,0,112
GlowHoverEffect.cs,18,0,106
BlockBehaviour.cs,24,0,105
DisplayService.cs,21,6,104
PlayerMovement.cs,16,0,103
PlayerIntegrationTests.cs,26,0,102
BuildingIntegrationTests.cs,26,0,95
PauseScreen.cs,19,2,93
NewGameScreen.cs,19,0,93
CraftingIntegrationTests.cs,26,0,92
CraftingUI.cs,22,0,90
HotbarUI.cs,13,0,88
IconFraming.cs,19,3,87
IconBatchMenu.cs,11,0,86
IconRenderRig.cs,17,2,86
ChestInteractable.cs,19,3,84
InventoryTests.cs,20,0,83
UnsavedChangesDialogScreen.cs,15,0,79
DescriptorRoundTripTests.cs,19,0,78
CraftingStationInteractable.cs,15,3,77
AudioBridgeTests.cs,15,0,73
FeedMaterialRowUI.cs,14,0,72
AmountStepperUI.cs,13,0,71
HotbarSlotUI.cs,12,0,71
PlayerCamera.cs,17,17,70
NamedMutexSingleInstanceGuardTests.cs,13,2,70
TooltipUI.cs,16,4,70
MenuManager.cs,15,0,70
AxeMachineAnimation.cs,14,0,69
TitleScreen.cs,15,0,69
SaveDataTests.cs,11,9,67
MenuBootstrapper.cs,17,10,67
LowResViewport.cs,18,0,66
SettingsEscapeConsumerTests.cs,11,1,64
SettingsRepositoryTests.cs,10,0,62
PlayerHand.cs,9,0,61
Chest.cs,23,12,59
ConfirmDialogScreen.cs,13,0,59
ToolBehaviour.cs,9,1,58
NewGameServiceTests.cs,8,0,56
DisplaySettingsCategory.cs,10,0,56
SettingDescriptor.cs,5,0,56
ContainerOps.cs,9,0,54
ItemRegistry.cs,13,0,54
FogFollow.cs,20,0,50
Replanter.cs,12,0,49
MachineProgressBars.cs,8,0,49
AudioMixerVolumeApplier.cs,15,0,49
ItemStack.cs,13,0,48
NamedMutexSingleInstanceGuard.cs,11,1,48
SliderSettingControl.cs,10,0,47
BuildScript.cs,5,0,46
CraftingSystem.cs,15,0,46
SlotData.cs,6,0,44
GameLaunchContext.cs,10,0,44
AutosaveServiceTests.cs,17,0,43
ProcessGuardTests.cs,12,0,43
MapUI.cs,12,0,42
ProcessGuard.cs,7,0,42
DropdownSettingControl.cs,10,0,40
AutosaveService.cs,6,0,38
NodeData.cs,6,0,38
IInventoryService.cs,4,3,37
PauseEscapeConsumer.cs,9,1,37
GameStateController.cs,7,0,37
ToggleSettingControl.cs,9,0,36
WeirdPotion.cs,6,0,36
Item.cs,5,2,34
FakeDisplayService.cs,8,0,32
PauseButton.cs,7,0,32
ExampleDamageCalculatorTests.cs,7,0,31
AudioSettingsCategory.cs,4,0,31
InventoryEscapeConsumer.cs,7,4,30
FakeMenuScreen.cs,8,0,29
EscapeRouter.cs,4,1,29
SceneTransitionService.cs,4,0,29
TitleCameraDrift.cs,4,0,29
UIColors.cs,7,6,29
VisionPotion.cs,6,0,29
IconCaptureSettings.cs,5,0,27
ItemIconHelper.cs,4,0,27
PauseInputHandler.cs,7,1,27
IconImportPostProcessor.cs,3,0,25
Sapling.cs,4,0,25
NewGameService.cs,3,0,25
ItemRegistryEditor.cs,3,0,24
MiningPotion.cs,6,0,24
SpeedPotion.cs,6,0,24
FakeMenuManager.cs,7,0,24
SettingsEscapeConsumer.cs,6,0,24
SettingsRowFactory.cs,4,0,23
Sign.cs,5,0,22
MenuScreenLocator.cs,4,0,22
Fire.cs,4,0,21
LightFlicker.cs,3,0,21
IPlayerPrefsBackend.cs,1,0,21
IDisplayService.cs,1,0,20
IGlowCoreObject.cs,4,4,19
Recipe.cs,2,0,19
FakeGameLaunchContext.cs,4,0,19
ProgressBarUI.cs,2,0,19
GlowCoreLevelConfig.cs,2,0,18
PlayerPrefsSettingsRepository.cs,8,0,18
Consumable.cs,3,2,17
RecipeRowTheme.cs,2,0,16
IItemContainer.cs,4,3,15
Map.cs,3,0,15
FakeSingleInstanceGuard.cs,4,0,15
FakePlayerPrefsBackend.cs,8,0,14
Readme.cs,2,0,14
CraftingStation.cs,1,0,13
IMenuManager.cs,1,0,13
MenuScreenId.cs,0,0,13
AudioBridge.cs,4,0,13
IAudioBridge.cs,1,0,13
ISaveDataGateway.cs,1,0,13
ISettingsRepository.cs,0,0,13
Block.cs,1,0,12
FakeSaveDataGateway.cs,4,0,12
ICraftingService.cs,3,3,11
SpinningObject.cs,2,0,11
DamageCalculator.cs,2,0,11
IGameStateController.cs,0,0,11
RecipeList.cs,2,0,10
IMenuScreen.cs,0,0,10
IGameLaunchContext.cs,0,0,10
Tool.cs,1,0,9
IMenuScreenLocator.cs,0,0,9
ISceneTransition.cs,0,0,9
ISingleInstanceGuard.cs,1,0,9
NullSingleInstanceGuard.cs,0,0,9
ISettingsCategory.cs,1,0,9
SettingControlKind.cs,0,0,9
GameLaunchMode.cs,0,0,8
IEscapeConsumer.cs,0,0,8
INewGameService.cs,0,0,8
ISettingControl.cs,0,0,8
TreeNode.cs,1,0,7
IMenuArgsReceiver.cs,0,0,7
NodeActionChild.cs,1,0,6
SaveService.cs,1,0,6
IHandItem.cs,1,0,5
ISaveService.cs,0,0,5
IWeapon.cs,0,0,5
IPlayerInventoryAware.cs,0,0,4
